{
  "IcoMoonType": "selection",
  "icons": [
    {
      "icon": {
        "paths": [
          "M607.898 286.070c0 157.992-128.078 286.070-286.070 286.070s-286.070-128.078-286.070-286.070c0-157.992 128.078-286.070 286.070-286.070s286.070 128.078 286.070 286.070z",
          "M250.311 438.857h139.784v494.121h-139.784v-494.121z",
          "M643.657 942.73c0 44.884-144.088 81.27-321.829 81.27s-321.829-36.386-321.829-81.27c0-44.884 144.088-81.27 321.829-81.27s321.829 36.386 321.829 81.27z"
        ],
        "attrs": [
          {
            "fill": "rgb(153, 153, 153)"
          },
          {
            "fill": "rgb(153, 153, 153)"
          },
          {
            "fill": "rgb(153, 153, 153)"
          }
        ],
        "width": 644,
        "isMulticolor": false,
        "isMulticolor2": false,
        "grid": 0,
        "tags": [
          "arcade_icon"
        ],
        "colorPermutations": {
          "15315315311701701701201201201120420420412552552551": [
            {
              "f": 0
            },
            {
              "f": 0
            },
            {
              "f": 0
            }
          ]
        }
      },
      "attrs": [
        {
          "fill": "rgb(153, 153, 153)"
        },
        {
          "fill": "rgb(153, 153, 153)"
        },
        {
          "fill": "rgb(153, 153, 153)"
        }
      ],
      "properties": {
        "order": 2,
        "id": 19,
        "name": "arcade_icon",
        "prevSize": 32,
        "code": 59648
      },
      "setIdx": 0,
      "setId": 2,
      "iconIdx": 0
    },
    {
      "icon": {
        "paths": [
          "M408.134 200.401c68.43 0 136.859 0 205.289 0 0-65.986 0-131.971 0-200.401-65.986 0-131.971 0-205.289 0-0 65.986-0 134.415-0 200.401 0 0 0 0 0 0z",
          "M202.845 405.69c68.43 0 136.859 0 205.289 0 0-70.874 0-136.859 0-205.289 0 0 0 2.444 0 2.444-65.986 0-131.971 0-205.289 0-0 70.874-0 136.859-0 202.845 0 2.444 0 0 0 0z",
          "M200.401 615.866c0-70.874 0-139.303 0-210.177 0 0 0 2.444 0 2.444-65.986 0-134.415 0-202.845 0 0 70.874 0 134.415 0 207.733 68.43-0 136.859-0 202.845-0 2.444 0 0 0 0 0z",
          "M408.134 821.155c0-65.986 0-134.415 0-205.289-70.874 0-139.303 0-207.733 0 0 0 2.444 0 2.444 0 0 65.986 0 134.415 0 205.289 70.874-2.444 139.303-2.444 205.289 0v0z",
          "M410.578 818.711c0 65.986 0 134.415 0 202.845 68.43 0 134.415 0 202.845 0 0-65.986 0-131.971 0-202.845-68.43 2.444-136.859 2.444-202.845 0-2.444 2.444 0 0 0 0z"
        ],
        "attrs": [
          {
            "fill": "rgb(255, 255, 255)"
          },
          {
            "fill": "rgb(255, 255, 255)"
          },
          {
            "fill": "rgb(255, 255, 255)"
          },
          {
            "fill": "rgb(255, 255, 255)"
          },
          {
            "fill": "rgb(255, 255, 255)"
          }
        ],
        "width": 613,
        "isMulticolor": false,
        "isMulticolor2": false,
        "grid": 0,
        "tags": [
          "arrow_left"
        ],
        "colorPermutations": {
          "15315315311701701701201201201120420420412552552551": [
            {
              "f": 4
            },
            {
              "f": 4
            },
            {
              "f": 4
            },
            {
              "f": 4
            },
            {
              "f": 4
            }
          ]
        }
      },
      "attrs": [
        {
          "fill": "rgb(255, 255, 255)"
        },
        {
          "fill": "rgb(255, 255, 255)"
        },
        {
          "fill": "rgb(255, 255, 255)"
        },
        {
          "fill": "rgb(255, 255, 255)"
        },
        {
          "fill": "rgb(255, 255, 255)"
        }
      ],
      "properties": {
        "order": 6,
        "id": 18,
        "name": "arrow_left",
        "prevSize": 32,
        "code": 59649
      },
      "setIdx": 0,
      "setId": 2,
      "iconIdx": 1
    },
    {
      "icon": {
        "paths": [
          "M205.289 200.401c-68.43 0-136.859 0-205.289 0 0-65.986 0-131.971 0-200.401 65.986 0 131.971 0 205.289 0 0 65.986 0 134.415 0 200.401 0 0 0 0 0 0z",
          "M413.021 405.69c-68.43 0-136.859 0-205.289 0 0-70.874 0-136.859 0-205.289 0 0 0 2.444 0 2.444 65.986 0 131.971 0 205.289 0-2.444 70.874-2.444 136.859 0 202.845-2.444 2.444 0 0 0 0z",
          "M413.021 615.866c0-70.874 0-139.303 0-210.177 0 0 0 2.444 0 2.444 65.986 0 134.415 0 202.845 0 0 70.874 0 134.415 0 207.733-68.43-0-136.859-0-202.845-0-2.444 0 0 0 0 0z",
          "M205.289 821.155c0-65.986 0-134.415 0-205.289 70.874 0 139.303 0 207.733 0 0 0-2.444 0-2.444 0 0 65.986 0 134.415 0 205.289-70.874-2.444-139.303-2.444-205.289 0v0z",
          "M202.845 818.711c0 65.986 0 134.415 0 202.845-68.43 0-134.415 0-202.845 0 0-65.986 0-131.971 0-202.845 68.43 2.444 136.859 2.444 202.845 0 2.444 2.444 0 0 0 0z"
        ],
        "attrs": [
          {
            "fill": "rgb(255, 255, 255)"
          },
          {
            "fill": "rgb(255, 255, 255)"
          },
          {
            "fill": "rgb(255, 255, 255)"
          },
          {
            "fill": "rgb(255, 255, 255)"
          },
          {
            "fill": "rgb(255, 255, 255)"
          }
        ],
        "width": 613,
        "isMulticolor": false,
        "isMulticolor2": false,
        "grid": 0,
        "tags": [
          "arrow_right"
        ],
        "colorPermutations": {
          "15315315311701701701201201201120420420412552552551": [
            {
              "f": 4
            },
            {
              "f": 4
            },
            {
              "f": 4
            },
            {
              "f": 4
            },
            {
              "f": 4
            }
          ]
        }
      },
      "attrs": [
        {
          "fill": "rgb(255, 255, 255)"
        },
        {
          "fill": "rgb(255, 255, 255)"
        },
        {
          "fill": "rgb(255, 255, 255)"
        },
        {
          "fill": "rgb(255, 255, 255)"
        },
        {
          "fill": "rgb(255, 255, 255)"
        }
      ],
      "properties": {
        "order": 7,
        "id": 17,
        "name": "arrow_right",
        "prevSize": 32,
        "code": 59650
      },
      "setIdx": 0,
      "setId": 2,
      "iconIdx": 2
    },
    {
      "icon": {
        "paths": [
          "M1024 446.958h-780.508l360.235-356.899-93.394-90.059-510.332 510.332 510.332 510.332 90.059-86.723-356.899-356.899h777.173v-130.085z"
        ],
        "attrs": [
          {}
        ],
        "isMulticolor": false,
        "isMulticolor2": false,
        "grid": 0,
        "tags": [
          "back"
        ],
        "colorPermutations": {
          "15315315311701701701201201201120420420412552552551": [
            {}
          ]
        }
      },
      "attrs": [
        {}
      ],
      "properties": {
        "order": 8,
        "id": 16,
        "name": "back",
        "prevSize": 32,
        "code": 59651
      },
      "setIdx": 0,
      "setId": 2,
      "iconIdx": 3
    },
    {
      "icon": {
        "paths": [
          "M60.235 892.056c94.655-48.762 180.706-91.787 266.756-134.812 80.314-40.157 80.314-40.157 68.84-131.944-14.342-103.261-22.947-203.653-31.552-306.913-2.868-17.21 5.737-37.289 14.342-54.499 14.342-28.683 34.42-51.63 45.894-83.182-43.025 25.815-88.919 51.63-129.076 80.314-8.605 2.868-14.342 20.078-14.342 31.552 5.737 106.129 11.473 212.258 17.21 315.518 0 14.342-8.605 34.42-17.21 40.157-86.050 51.63-174.969 100.392-261.020 149.154-5.737 2.868-8.605 5.737-20.078 8.605 0-17.21 0-31.552 0-45.894 0-146.286 0-295.44 0-441.725 0-22.947 5.737-34.42 25.815-48.762 131.944-86.050 261.020-174.969 392.964-258.151 14.342-8.605 40.157-14.342 57.367-8.605 183.574 40.157 370.017 83.182 550.723 126.207 0 54.499 0 108.997 0 163.496 0 8.605-11.473 17.21-20.078 22.947-40.157 22.947-83.182 43.025-126.207 63.104-20.078 8.605-25.815 17.21-20.078 43.025 28.683 97.524 51.63 195.048 77.445 298.308 11.473 0 22.947 2.868 34.42 0 63.104-14.342 94.655 14.342 111.866 71.709 8.605 28.683 22.947 51.63 40.157 83.182-60.235 14.342-114.734 28.683-172.101 40.157-157.759 37.289-315.518 71.709-473.277 108.997-11.473 2.868-25.815 2.868-34.42 0-123.339-43.025-249.546-86.050-384.359-131.944zM493.356 335.597c-14.342 0-28.683-2.868-40.157 0s-25.815 17.21-25.815 22.947c11.473 94.655 22.947 189.311 37.289 283.966 2.868 11.473 20.078 28.683 31.552 28.683 120.471 17.21 238.073 31.552 358.543 17.21 11.473 0 28.683-20.078 25.815-28.683-14.342-77.445-31.552-152.022-54.499-229.468-5.737-17.21-28.683-37.289-45.894-45.894-91.787-34.42-189.311-43.025-286.835-48.762z"
        ],
        "attrs": [
          {
            "fill": "rgb(153, 153, 153)"
          }
        ],
        "width": 1127,
        "isMulticolor": false,
        "isMulticolor2": false,
        "grid": 0,
        "tags": [
          "bartop_icon"
        ],
        "colorPermutations": {
          "15315315311701701701201201201120420420412552552551": [
            {
              "f": 0
            }
          ]
        }
      },
      "attrs": [
        {
          "fill": "rgb(153, 153, 153)"
        }
      ],
      "properties": {
        "order": 9,
        "id": 15,
        "name": "bartop_icon",
        "prevSize": 32,
        "code": 59652
      },
      "setIdx": 0,
      "setId": 2,
      "iconIdx": 4
    },
    {
      "icon": {
        "paths": [
          "M113.092 0h113.092v113.092h-113.092v-113.092z",
          "M1024 0h113.092v113.092h-113.092v-113.092z",
          "M910.908 113.092h113.092v113.092h-113.092v-113.092z",
          "M797.815 228.241h113.092v113.092h-113.092v-113.092z",
          "M682.667 341.333h113.092v113.092h-113.092v-113.092z",
          "M228.241 113.092h113.092v113.092h-113.092v-113.092z",
          "M341.333 228.241h113.092v113.092h-113.092v-113.092z",
          "M456.482 341.333h113.092v113.092h-113.092v-113.092z",
          "M456.482 569.574h113.092v113.092h-113.092v-113.092z",
          "M341.333 797.815h-113.092v113.092h113.092v-113.092h115.149v-115.149h-115.149z",
          "M115.149 910.908h113.092v113.092h-113.092v-113.092z",
          "M682.667 569.574v-113.092h-113.092v113.092h113.092v113.092h115.149v-113.092z",
          "M797.815 682.667h113.092v113.092h-113.092v-113.092z",
          "M1024 797.815h-113.092v113.092h113.092v113.092h115.149v-113.092h-115.149z",
          "M910.908 0h113.092v113.092h-113.092v-113.092z",
          "M797.815 113.092h113.092v113.092h-113.092v-113.092z",
          "M682.667 341.333h-113.092v113.092h113.092v-113.092h115.149v-113.092h-115.149z",
          "M228.241 682.667h113.092v113.092h-113.092v-113.092z",
          "M113.092 910.908h-113.092v113.092h113.092v-113.092h115.149v-113.092h-115.149z",
          "M0 0h113.092v113.092h-113.092v-113.092z",
          "M113.092 113.092h113.092v113.092h-113.092v-113.092z",
          "M228.241 228.241h113.092v113.092h-113.092v-113.092z",
          "M341.333 341.333h113.092v113.092h-113.092v-113.092z",
          "M456.482 456.482v113.092h-115.149v113.092h115.149v-113.092h113.092v-113.092z",
          "M569.574 569.574h113.092v113.092h-113.092v-113.092z",
          "M682.667 682.667h113.092v113.092h-113.092v-113.092z",
          "M797.815 797.815h113.092v113.092h-113.092v-113.092z",
          "M910.908 910.908h113.092v113.092h-113.092v-113.092z"
        ],
        "attrs": [
          {
            "fill": "rgb(204, 204, 204)"
          },
          {
            "fill": "rgb(204, 204, 204)"
          },
          {
            "fill": "rgb(204, 204, 204)"
          },
          {
            "fill": "rgb(204, 204, 204)"
          },
          {
            "fill": "rgb(204, 204, 204)"
          },
          {
            "fill": "rgb(204, 204, 204)"
          },
          {
            "fill": "rgb(204, 204, 204)"
          },
          {
            "fill": "rgb(204, 204, 204)"
          },
          {
            "fill": "rgb(204, 204, 204)"
          },
          {
            "fill": "rgb(204, 204, 204)"
          },
          {
            "fill": "rgb(204, 204, 204)"
          },
          {
            "fill": "rgb(204, 204, 204)"
          },
          {
            "fill": "rgb(204, 204, 204)"
          },
          {
            "fill": "rgb(204, 204, 204)"
          },
          {
            "fill": "rgb(255, 255, 255)"
          },
          {
            "fill": "rgb(255, 255, 255)"
          },
          {
            "fill": "rgb(255, 255, 255)"
          },
          {
            "fill": "rgb(255, 255, 255)"
          },
          {
            "fill": "rgb(255, 255, 255)"
          },
          {
            "fill": "rgb(255, 255, 255)"
          },
          {
            "fill": "rgb(255, 255, 255)"
          },
          {
            "fill": "rgb(255, 255, 255)"
          },
          {
            "fill": "rgb(255, 255, 255)"
          },
          {
            "fill": "rgb(255, 255, 255)"
          },
          {
            "fill": "rgb(255, 255, 255)"
          },
          {
            "fill": "rgb(255, 255, 255)"
          },
          {
            "fill": "rgb(255, 255, 255)"
          },
          {
            "fill": "rgb(255, 255, 255)"
          }
        ],
        "width": 1139,
        "isMulticolor": true,
        "isMulticolor2": false,
        "grid": 0,
        "tags": [
          "close"
        ],
        "colorPermutations": {
          "15315315311701701701201201201120420420412552552551": [
            {
              "f": 3
            },
            {
              "f": 3
            },
            {
              "f": 3
            },
            {
              "f": 3
            },
            {
              "f": 3
            },
            {
              "f": 3
            },
            {
              "f": 3
            },
            {
              "f": 3
            },
            {
              "f": 3
            },
            {
              "f": 3
            },
            {
              "f": 3
            },
            {
              "f": 3
            },
            {
              "f": 3
            },
            {
              "f": 3
            },
            {
              "f": 4
            },
            {
              "f": 4
            },
            {
              "f": 4
            },
            {
              "f": 4
            },
            {
              "f": 4
            },
            {
              "f": 4
            },
            {
              "f": 4
            },
            {
              "f": 4
            },
            {
              "f": 4
            },
            {
              "f": 4
            },
            {
              "f": 4
            },
            {
              "f": 4
            },
            {
              "f": 4
            },
            {
              "f": 4
            }
          ]
        }
      },
      "attrs": [
        {
          "fill": "rgb(204, 204, 204)"
        },
        {
          "fill": "rgb(204, 204, 204)"
        },
        {
          "fill": "rgb(204, 204, 204)"
        },
        {
          "fill": "rgb(204, 204, 204)"
        },
        {
          "fill": "rgb(204, 204, 204)"
        },
        {
          "fill": "rgb(204, 204, 204)"
        },
        {
          "fill": "rgb(204, 204, 204)"
        },
        {
          "fill": "rgb(204, 204, 204)"
        },
        {
          "fill": "rgb(204, 204, 204)"
        },
        {
          "fill": "rgb(204, 204, 204)"
        },
        {
          "fill": "rgb(204, 204, 204)"
        },
        {
          "fill": "rgb(204, 204, 204)"
        },
        {
          "fill": "rgb(204, 204, 204)"
        },
        {
          "fill": "rgb(204, 204, 204)"
        },
        {
          "fill": "rgb(255, 255, 255)"
        },
        {
          "fill": "rgb(255, 255, 255)"
        },
        {
          "fill": "rgb(255, 255, 255)"
        },
        {
          "fill": "rgb(255, 255, 255)"
        },
        {
          "fill": "rgb(255, 255, 255)"
        },
        {
          "fill": "rgb(255, 255, 255)"
        },
        {
          "fill": "rgb(255, 255, 255)"
        },
        {
          "fill": "rgb(255, 255, 255)"
        },
        {
          "fill": "rgb(255, 255, 255)"
        },
        {
          "fill": "rgb(255, 255, 255)"
        },
        {
          "fill": "rgb(255, 255, 255)"
        },
        {
          "fill": "rgb(255, 255, 255)"
        },
        {
          "fill": "rgb(255, 255, 255)"
        },
        {
          "fill": "rgb(255, 255, 255)"
        }
      ],
      "properties": {
        "order": 10,
        "id": 14,
        "name": "close",
        "prevSize": 32,
        "code": 59653,
        "codes": [
          59653,
          59654,
          59655,
          59656,
          59657,
          59658,
          59659,
          59660,
          59661,
          59662,
          59663,
          59664,
          59665,
          59666,
          59667,
          59668,
          59669,
          59670,
          59671,
          59672,
          59673,
          59674,
          59675,
          59676,
          59677,
          59678,
          59679,
          59680
        ]
      },
      "setIdx": 0,
      "setId": 2,
      "iconIdx": 5
    },
    {
      "icon": {
        "paths": [
          "M1153.113 0h-1024c-71.235 0-129.113 57.878-129.113 129.113v765.774c0 71.235 57.878 129.113 129.113 129.113h1024c71.235 0 129.113-57.878 129.113-129.113v-765.774c-4.452-71.235-62.33-129.113-129.113-129.113zM1153.113 298.296l-512 302.748-512-302.748v-169.183l512 320.557 512-320.557v169.183z"
        ],
        "attrs": [
          {
            "fill": "rgb(153, 153, 153)"
          }
        ],
        "width": 1278,
        "isMulticolor": false,
        "isMulticolor2": false,
        "grid": 0,
        "tags": [
          "contact_icon"
        ],
        "colorPermutations": {
          "15315315311701701701201201201120420420412552552551": [
            {
              "f": 0
            }
          ]
        }
      },
      "attrs": [
        {
          "fill": "rgb(153, 153, 153)"
        }
      ],
      "properties": {
        "order": 11,
        "id": 13,
        "name": "contact_icon",
        "prevSize": 32,
        "code": 59681
      },
      "setIdx": 0,
      "setId": 2,
      "iconIdx": 6
    },
    {
      "icon": {
        "paths": [
          "M553.434 352.185c0 143.837-116.603 260.439-260.439 260.439s-260.439-116.603-260.439-260.439c0-143.837 116.603-260.439 260.439-260.439s260.439 116.603 260.439 260.439z",
          "M227.884 535.676h127.26v378.821h-127.26v-378.821z",
          "M585.988 950.012c0 40.863-131.178 73.988-292.994 73.988s-292.994-33.126-292.994-73.988c0-40.863 131.178-73.988 292.994-73.988s292.994 33.126 292.994 73.988z",
          "M1103.908 195.329c0 107.877-87.452 195.329-195.329 195.329s-195.329-87.452-195.329-195.329c0-107.877 87.452-195.329 195.329-195.329s195.329 87.452 195.329 195.329z",
          "M861.225 301.873h97.665v337.387h-97.665v-337.387z",
          "M1130.543 648.139c0 31.056-99.377 56.231-221.965 56.231s-221.965-25.176-221.965-56.231c0-31.056 99.377-56.231 221.965-56.231s221.965 25.176 221.965 56.231z"
        ],
        "attrs": [
          {
            "fill": "rgb(153, 153, 153)"
          },
          {
            "fill": "rgb(153, 153, 153)"
          },
          {
            "fill": "rgb(153, 153, 153)"
          },
          {
            "fill": "rgb(153, 153, 153)"
          },
          {
            "fill": "rgb(153, 153, 153)"
          },
          {
            "fill": "rgb(153, 153, 153)"
          }
        ],
        "width": 1131,
        "isMulticolor": false,
        "isMulticolor2": false,
        "grid": 0,
        "tags": [
          "doble_icon"
        ],
        "colorPermutations": {
          "15315315311701701701201201201120420420412552552551": [
            {
              "f": 0
            },
            {
              "f": 0
            },
            {
              "f": 0
            },
            {
              "f": 0
            },
            {
              "f": 0
            },
            {
              "f": 0
            }
          ]
        }
      },
      "attrs": [
        {
          "fill": "rgb(153, 153, 153)"
        },
        {
          "fill": "rgb(153, 153, 153)"
        },
        {
          "fill": "rgb(153, 153, 153)"
        },
        {
          "fill": "rgb(153, 153, 153)"
        },
        {
          "fill": "rgb(153, 153, 153)"
        },
        {
          "fill": "rgb(153, 153, 153)"
        }
      ],
      "properties": {
        "order": 12,
        "id": 12,
        "name": "doble_icon",
        "prevSize": 32,
        "code": 59682
      },
      "setIdx": 0,
      "setId": 2,
      "iconIdx": 7
    },
    {
      "icon": {
        "paths": [
          "M1280 130.327c0-69.818-55.855-130.327-130.327-130.327h-1024c-69.818 0-125.673 55.855-125.673 130.327v768c0 69.818 55.855 125.673 130.327 125.673h1024c69.818 0 130.327-55.855 130.327-130.327v-763.345zM1154.327 349.091l-512 297.891-512-297.891v-181.527l512 265.309 512-265.309v181.527z"
        ],
        "attrs": [
          {}
        ],
        "width": 1280,
        "isMulticolor": false,
        "isMulticolor2": false,
        "grid": 0,
        "tags": [
          "email"
        ],
        "colorPermutations": {
          "15315315311701701701201201201120420420412552552551": [
            {}
          ]
        }
      },
      "attrs": [
        {}
      ],
      "properties": {
        "order": 13,
        "id": 11,
        "name": "email",
        "prevSize": 32,
        "code": 59683
      },
      "setIdx": 0,
      "setId": 2,
      "iconIdx": 8
    },
    {
      "icon": {
        "paths": [
          "M103.656 197.89c0 25.129 0 144.491 0 144.491h-103.656v172.761h103.656v512h210.454v-515.141h144.491c0 0 12.564-81.669 18.847-172.761-18.847 0-160.196 0-160.196 0s0-100.515 0-119.362c0-18.847 21.988-40.834 47.117-40.834 21.988 0 72.245 0 116.221 0 0-21.988 0-103.656 0-179.043-59.681 0-125.644 0-157.055 0-223.018-0-219.877 172.761-219.877 197.89z"
        ],
        "attrs": [
          {}
        ],
        "width": 477,
        "isMulticolor": false,
        "isMulticolor2": false,
        "grid": 0,
        "tags": [
          "Facebook"
        ],
        "colorPermutations": {
          "15315315311701701701201201201120420420412552552551": [
            {}
          ]
        }
      },
      "attrs": [
        {}
      ],
      "properties": {
        "order": 14,
        "id": 10,
        "name": "Facebook",
        "prevSize": 32,
        "code": 59684
      },
      "setIdx": 0,
      "setId": 2,
      "iconIdx": 9
    },
    {
      "icon": {
        "paths": [
          "M1044.013 500.326c20.013-20.013 16.678-53.368-3.336-73.381l-473.642-413.603c-20.013-20.013-56.704-20.013-76.717 0l-473.642 433.616c-20.013 20.013-23.349 50.033-3.336 73.381l13.342 13.342c20.013 20.013 50.033 23.349 70.046 6.671l36.691-33.355v463.635c0 30.020 23.349 50.033 50.033 50.033h183.453c30.020 0 50.033-23.349 50.033-50.033v-326.879h236.821v326.879c0 30.020 20.013 50.033 50.033 50.033h196.795c30.020 0 50.033-23.349 50.033-50.033v-456.964c0 0 10.007 10.007 23.349 20.013s36.691 3.336 56.704-20.013l13.342-13.342z"
        ],
        "attrs": [
          {
            "fill": "rgb(153, 153, 153)"
          }
        ],
        "width": 1057,
        "isMulticolor": false,
        "isMulticolor2": false,
        "grid": 0,
        "tags": [
          "home_icon"
        ],
        "colorPermutations": {
          "15315315311701701701201201201120420420412552552551": [
            {
              "f": 0
            }
          ]
        }
      },
      "attrs": [
        {
          "fill": "rgb(153, 153, 153)"
        }
      ],
      "properties": {
        "order": 15,
        "id": 9,
        "name": "home_icon",
        "prevSize": 32,
        "code": 59685
      },
      "setIdx": 0,
      "setId": 2,
      "iconIdx": 10
    },
    {
      "icon": {
        "paths": [
          "M741.517 0h-459.034c-157.292 0-282.483 125.191-282.483 282.483v459.034c0 157.292 125.191 282.483 282.483 282.483h459.034c157.292 0 282.483-125.191 282.483-282.483v-459.034c-0-154.082-125.191-282.483-282.483-282.483zM934.119 738.307c0 105.931-86.671 192.602-192.602 192.602h-459.034c-105.931 0-192.602-86.671-192.602-192.602v-455.824c0-105.931 86.671-192.602 192.602-192.602h459.034c105.931 0 192.602 86.671 192.602 192.602v455.824z",
          "M510.395 247.172c-144.451 0-263.223 118.771-263.223 263.223s118.771 263.223 263.223 263.223 263.223-118.771 263.223-263.223c0-144.451-118.771-263.223-263.223-263.223zM510.395 683.737c-96.301 0-173.342-77.041-173.342-173.342s77.041-173.342 173.342-173.342 173.342 77.041 173.342 173.342c0 96.301-77.041 173.342-173.342 173.342z",
          "M786.458 170.132c-16.050 0-35.31 6.42-48.15 19.26s-19.26 28.89-19.26 48.15c0 16.050 6.42 35.31 19.26 48.15s28.89 19.26 48.15 19.26c16.050 0 35.31-6.42 48.15-19.26s19.26-28.89 19.26-48.15c0-16.050-6.42-35.31-19.26-48.15s-32.1-19.26-48.15-19.26z"
        ],
        "attrs": [
          {},
          {},
          {}
        ],
        "isMulticolor": false,
        "isMulticolor2": false,
        "grid": 0,
        "tags": [
          "Instagram"
        ],
        "colorPermutations": {
          "15315315311701701701201201201120420420412552552551": [
            {},
            {},
            {}
          ]
        }
      },
      "attrs": [
        {},
        {},
        {}
      ],
      "properties": {
        "order": 16,
        "id": 8,
        "name": "Instagram",
        "prevSize": 32,
        "code": 59686
      },
      "setIdx": 0,
      "setId": 2,
      "iconIdx": 11
    },
    {
      "icon": {
        "paths": [
          "M1024 431.741h-426.205v-431.741h-166.054v431.741h-431.741v166.054h431.741v426.205h166.054v-426.205h426.205z"
        ],
        "attrs": [
          {
            "fill": "rgb(170, 170, 170)"
          }
        ],
        "isMulticolor": false,
        "isMulticolor2": false,
        "grid": 0,
        "tags": [
          "mas"
        ],
        "colorPermutations": {
          "15315315311701701701201201201120420420412552552551": [
            {
              "f": 1
            }
          ]
        }
      },
      "attrs": [
        {
          "fill": "rgb(170, 170, 170)"
        }
      ],
      "properties": {
        "order": 17,
        "id": 7,
        "name": "mas",
        "prevSize": 32,
        "code": 59687
      },
      "setIdx": 0,
      "setId": 2,
      "iconIdx": 12
    },
    {
      "icon": {
        "paths": [
          "M0 0h1790.046v164.153h-1790.046v-164.153z",
          "M1615.471 0h174.575v164.153h-174.575v-164.153z",
          "M0 429.924h1790.046v164.153h-1790.046v-164.153z",
          "M1615.471 429.924h174.575v164.153h-174.575v-164.153z",
          "M0 859.847h1790.046v164.153h-1790.046v-164.153z",
          "M1615.471 859.847h174.575v164.153h-174.575v-164.153z"
        ],
        "attrs": [
          {
            "fill": "rgb(255, 255, 255)"
          },
          {
            "fill": "rgb(204, 204, 204)"
          },
          {
            "fill": "rgb(255, 255, 255)"
          },
          {
            "fill": "rgb(204, 204, 204)"
          },
          {
            "fill": "rgb(255, 255, 255)"
          },
          {
            "fill": "rgb(204, 204, 204)"
          }
        ],
        "width": 1790,
        "isMulticolor": true,
        "isMulticolor2": false,
        "grid": 0,
        "tags": [
          "menu"
        ],
        "colorPermutations": {
          "15315315311701701701201201201120420420412552552551": [
            {
              "f": 4
            },
            {
              "f": 3
            },
            {
              "f": 4
            },
            {
              "f": 3
            },
            {
              "f": 4
            },
            {
              "f": 3
            }
          ]
        }
      },
      "attrs": [
        {
          "fill": "rgb(255, 255, 255)"
        },
        {
          "fill": "rgb(204, 204, 204)"
        },
        {
          "fill": "rgb(255, 255, 255)"
        },
        {
          "fill": "rgb(204, 204, 204)"
        },
        {
          "fill": "rgb(255, 255, 255)"
        },
        {
          "fill": "rgb(204, 204, 204)"
        }
      ],
      "properties": {
        "order": 18,
        "id": 6,
        "name": "menu",
        "prevSize": 32,
        "code": 59688,
        "codes": [
          59688,
          59689,
          59690,
          59691,
          59692,
          59693
        ]
      },
      "setIdx": 0,
      "setId": 2,
      "iconIdx": 13
    },
    {
      "icon": {
        "paths": [
          "M994.743 29.257c36.571 36.571 36.571 98.743 0 135.314l-43.886 43.886-135.314-135.314 43.886-43.886c36.571-40.229 98.743-40.229 135.314 0zM318.171 570.514l-43.886 179.2 179.2-43.886 449.829-449.829-135.314-138.971-449.829 453.486zM768 482.743v413.257h-640v-640h413.257l128-128h-669.257v896h896v-669.257l-128 128z"
        ],
        "attrs": [
          {}
        ],
        "isMulticolor": false,
        "isMulticolor2": false,
        "grid": 0,
        "tags": [
          "message"
        ],
        "colorPermutations": {
          "15315315311701701701201201201120420420412552552551": [
            {}
          ]
        }
      },
      "attrs": [
        {}
      ],
      "properties": {
        "order": 19,
        "id": 5,
        "name": "message",
        "prevSize": 32,
        "code": 59694
      },
      "setIdx": 0,
      "setId": 2,
      "iconIdx": 14
    },
    {
      "icon": {
        "paths": [
          "M387.2 1008c-28.8 0-51.2-22.4-51.2-51.2v-272h-268.8c-28.8 0-51.2-22.4-51.2-51.2v-249.6c0-28.8 22.4-51.2 51.2-51.2h272v-265.6c0-28.8 22.4-51.2 51.2-51.2h249.6c28.8 0 51.2 22.4 51.2 51.2v272h272c28.8 0 51.2 22.4 51.2 51.2v249.6c0 28.8-22.4 51.2-51.2 51.2h-272v272c0 28.8-22.4 51.2-51.2 51.2h-252.8z",
          "M636.8 32c19.2 0 35.2 16 35.2 35.2v288h288c19.2 0 35.2 16 35.2 35.2v249.6c0 19.2-16 35.2-35.2 35.2h-288v288c0 19.2-16 35.2-35.2 35.2h-249.6c-19.2 0-35.2-16-35.2-35.2v-288h-288c-16-3.2-32-19.2-32-38.4v-249.6c0-19.2 16-35.2 35.2-35.2h288v-288c-3.2-16 12.8-32 32-32h249.6zM636.8 0h-249.6c-35.2 0-67.2 28.8-67.2 67.2v256h-256c-35.2-3.2-64 28.8-64 64v249.6c0 35.2 28.8 67.2 67.2 67.2h256v256c0 35.2 28.8 67.2 67.2 67.2h249.6c35.2 0 67.2-28.8 67.2-67.2v-256h256c35.2 0 67.2-28.8 67.2-67.2v-249.6c0-35.2-28.8-67.2-67.2-67.2h-256v-256c-3.2-35.2-35.2-64-70.4-64v0z"
        ],
        "attrs": [
          {
            "fill": "rgb(153, 153, 153)"
          },
          {
            "fill": "rgb(204, 204, 204)"
          }
        ],
        "isMulticolor": true,
        "isMulticolor2": false,
        "grid": 0,
        "tags": [
          "mini_icon"
        ],
        "colorPermutations": {
          "15315315311701701701201201201120420420412552552551": [
            {
              "f": 0
            },
            {
              "f": 3
            }
          ]
        }
      },
      "attrs": [
        {
          "fill": "rgb(153, 153, 153)"
        },
        {
          "fill": "rgb(204, 204, 204)"
        }
      ],
      "properties": {
        "order": 20,
        "id": 4,
        "name": "mini_icon",
        "prevSize": 32,
        "code": 59695,
        "codes": [
          59695,
          59696
        ]
      },
      "setIdx": 0,
      "setId": 2,
      "iconIdx": 15
    },
    {
      "icon": {
        "paths": [
          "M747.016 394.492c0 194.694-157.831 352.525-352.525 352.525s-352.525-157.831-352.525-352.525c0-194.694 157.831-352.525 352.525-352.525s352.525 157.831 352.525 352.525z",
          "M548.278 687.111l85.068-85.068 338.295 338.295-85.068 85.068-338.295-338.295z"
        ],
        "attrs": [
          {
            "fill": "none",
            "stroke": "rgb(201, 201, 201)",
            "strokeLinejoin": "miter",
            "strokeLinecap": "butt",
            "strokeMiterlimit": "10",
            "strokeWidth": 83.93442622950819
          },
          {
            "fill": "rgb(201, 201, 201)"
          }
        ],
        "width": 974,
        "isMulticolor": false,
        "isMulticolor2": true,
        "grid": 0,
        "tags": [
          "search"
        ],
        "colorPermutations": {
          "15315315311701701701201201201120420420412552552551": [
            {
              "s": 2
            },
            {
              "f": 2
            }
          ]
        }
      },
      "attrs": [
        {
          "fill": "none",
          "stroke": "rgb(201, 201, 201)",
          "strokeLinejoin": "miter",
          "strokeLinecap": "butt",
          "strokeMiterlimit": "10",
          "strokeWidth": 83.93442622950819
        },
        {
          "fill": "rgb(201, 201, 201)"
        }
      ],
      "properties": {
        "order": 21,
        "id": 3,
        "name": "search",
        "prevSize": 32,
        "code": 59697
      },
      "setIdx": 0,
      "setId": 2,
      "iconIdx": 16
    },
    {
      "icon": {
        "paths": [
          "M0 1024l926.832-510.754-926.832-513.246v398.637l662.735 114.608-662.735 112.117z"
        ],
        "attrs": [
          {
            "fill": "rgb(255, 255, 255)"
          }
        ],
        "width": 927,
        "isMulticolor": false,
        "isMulticolor2": false,
        "grid": 0,
        "tags": [
          "Send"
        ],
        "colorPermutations": {
          "15315315311701701701201201201120420420412552552551": [
            {
              "f": 4
            }
          ]
        }
      },
      "attrs": [
        {
          "fill": "rgb(255, 255, 255)"
        }
      ],
      "properties": {
        "order": 5,
        "id": 2,
        "name": "Send",
        "prevSize": 32,
        "code": 59698
      },
      "setIdx": 0,
      "setId": 2,
      "iconIdx": 17
    },
    {
      "icon": {
        "paths": [
          "M1260.308 122.092c-47.262 19.692-94.523 35.446-149.662 39.385 55.138-31.508 94.523-82.708 114.215-141.785-51.2 31.508-106.338 51.2-165.415 63.015-47.262-51.2-114.215-82.708-189.046-82.708-141.785 0-259.938 114.215-259.938 259.938 0 19.692 3.938 39.385 7.877 59.077-212.677-11.815-401.723-114.215-531.692-271.754-23.631 39.385-35.446 82.708-35.446 129.969 0 90.585 47.262 169.354 114.215 216.615-43.323 0-82.708-11.815-118.154-31.508v3.938c0 126.031 90.585 228.431 208.738 252.062-19.692 3.938-43.323 7.877-66.954 7.877-15.754 0-31.508 0-47.262-3.938 31.508 102.4 129.969 177.231 240.246 181.169-86.646 70.892-200.862 110.277-319.015 110.277-19.692 0-43.323 0-63.015-3.938 114.215 70.892 248.123 114.215 393.846 114.215 476.554 0 732.554-393.846 732.554-732.554v-31.508c55.138-43.323 98.462-86.646 133.908-137.846z"
        ],
        "attrs": [
          {}
        ],
        "width": 1260,
        "isMulticolor": false,
        "isMulticolor2": false,
        "grid": 0,
        "tags": [
          "Twitter"
        ],
        "colorPermutations": {
          "15315315311701701701201201201120420420412552552551": [
            {}
          ]
        }
      },
      "attrs": [
        {}
      ],
      "properties": {
        "order": 4,
        "id": 1,
        "name": "Twitter",
        "prevSize": 32,
        "code": 59699
      },
      "setIdx": 0,
      "setId": 2,
      "iconIdx": 18
    },
    {
      "icon": {
        "paths": [
          "M519.817 543.267c128.977 0 230.595-121.16 230.595-273.588 0-207.145-105.527-273.588-230.595-273.588-128.977 3.908-234.504 66.443-234.504 277.496 0 148.519 105.527 269.679 234.504 269.679z",
          "M1031.817 941.924l-117.252-265.771c-3.908-11.725-15.634-23.45-27.359-27.359l-183.695-93.802c-3.908-3.908-7.817 0-11.725 0-50.809 39.084-113.344 58.626-175.878 58.626s-125.069-19.542-175.878-58.626c-3.908-3.908-7.817-3.908-11.725 0l-183.695 93.802c-11.725 7.817-19.542 15.634-27.359 27.359l-117.252 265.771c-7.817 19.542-3.908 46.901 11.725 62.534 11.725 11.725 27.359 19.542 42.992 19.542h922.382c15.634 0 31.267-7.817 42.992-19.542 15.634-15.634 19.542-39.084 11.725-62.534z"
        ],
        "attrs": [
          {},
          {}
        ],
        "width": 1036,
        "isMulticolor": false,
        "isMulticolor2": false,
        "grid": 0,
        "tags": [
          "user"
        ],
        "colorPermutations": {
          "15315315311701701701201201201120420420412552552551": [
            {},
            {}
          ]
        }
      },
      "attrs": [
        {},
        {}
      ],
      "properties": {
        "order": 3,
        "id": 0,
        "name": "user",
        "prevSize": 32,
        "code": 59700
      },
      "setIdx": 0,
      "setId": 2,
      "iconIdx": 19
    }
  ],
  "height": 1024,
  "metadata": {
    "name": "icomoon"
  },
  "preferences": {
    "showGlyphs": true,
    "showQuickUse": true,
    "showQuickUse2": true,
    "showSVGs": true,
    "fontPref": {
      "prefix": "icon-",
      "metadata": {
        "fontFamily": "icomoon"
      },
      "metrics": {
        "emSize": 1024,
        "baseline": 6.25,
        "whitespace": 50
      },
      "embed": false
    },
    "imagePref": {
      "prefix": "icon-",
      "png": true,
      "useClassSelector": true,
      "color": 0,
      "bgColor": 16777215,
      "classSelector": ".icon"
    },
    "historySize": 50,
    "showCodes": true,
    "gridSize": 16
  }
}